Resampling,Model,AUROC mean,AUROC std,PRROC mean,PRCOS std
None,LogisticRegression(random_state=42),0.6936360473674779,0.008474025191872694,0.2340064053303478,0.006874073122050575
RandomOverSampler(random_state=42),LogisticRegression(random_state=42),0.7893051539973437,0.004017175633801625,0.305749015135052,0.010198246945860759
SMOTE(random_state=42),LogisticRegression(random_state=42),0.7804497218861347,0.003851444590108006,0.29317928891155104,0.009494522109256828
None,"RandomForestClassifier(n_jobs=-1, random_state=42)",0.8377371504325941,0.003944923223253475,0.35392328986101695,0.006069537774837125
RandomOverSampler(random_state=42),"RandomForestClassifier(n_jobs=-1, random_state=42)",0.8346839042489208,0.004937229444075873,0.3266114895724573,0.005276046289403773
SMOTE(random_state=42),"RandomForestClassifier(n_jobs=-1, random_state=42)",0.8240200320678683,0.0037414303339001784,0.29788125597755544,0.007071114681366789
